{"loss": 0.9323232325009323, "status": "ok", "first_loss": 1.1466729002790383, "config": {"k": 2, "lookback": 31}}