{"loss": 0.8334499888513063, "status": "ok", "first_loss": 0.8233175997816442, "config": {"k": 20, "lookback": 29}}