{"loss": 1.0916865264386224, "status": "ok", "first_loss": 1.1367523517314915, "config": {"k": 3, "lookback": 29}}