{"loss": 1.4559466602589908, "status": "ok", "first_loss": 1.508075463938276, "config": {"k": 15, "lookback": 22}}