{"loss": 1.5608335636507968, "status": "ok", "first_loss": 2.684584742085934, "config": {"k": 2, "lookback": 21}}