{"loss": 0.6585892202078946, "status": "ok", "first_loss": 0.5789444752083057, "config": {"k": 2, "lookback": 23}}