{"loss": 1.2172661405413487, "status": "ok", "first_loss": 1.2809716789198562, "config": {"k": 6, "lookback": 15}}