{"loss": 1.2766723033984013, "status": "ok", "first_loss": 1.371259047769716, "config": {"k": 10, "lookback": 15}}