{"loss": 1.0715225557822146, "status": "ok", "first_loss": 1.1446713438108915, "config": {"k": 13, "lookback": 7}}