{"loss": 1.7835122176276617, "status": "ok", "first_loss": 1.833363134421552, "config": {"k": 9, "lookback": 19}}