{"loss": 0.9551958404043324, "status": "ok", "first_loss": 0.9779921667869355, "config": {"k": 19, "lookback": 27}}