{"loss": 1.1354180142835473, "status": "ok", "first_loss": 1.2141605423888322, "config": {"k": 13, "lookback": 7}}