{"loss": 1.4913539066016788, "status": "ok", "first_loss": 1.9981079855110193, "config": {"k": 2, "lookback": 2}}