{"params": {"target": "1-ahead", "n_comps": 22}, "fit_params": {"weights": [6.959520548328755e-06, 0.07445395051859237, 0.05842657536485308, 0.05842657536485308, 0.05842657536485308, 0.05842657536485308, 0.05842657536485308, 0.010594111839498436, 0.2960867929425858, 0.045879673855890056, 0.10716878011776496, 9.717082980191275e-16, 6.181176442805274e-97, 6.181176442805274e-97, 3.9831539572832775e-07, 3.3554771593661907e-220, 3.457252872280201e-17, 0.13995715663192976, 2.429650825344331e-62, 9.398345709583342e-10, 0.002050230631273221, 0.03166906786241952]}}