{"loss": 1.6256413524116369, "status": "ok", "first_loss": 1.6980547694305823, "config": {"k": 19, "lookback": 27}}