{"loss": 0.9038017812864895, "status": "ok", "first_loss": 0.8443496179464507, "config": {"k": 19, "lookback": 30}}