{"loss": 1.448289487481563, "status": "ok", "first_loss": 1.5065880208511349, "config": {"k": 7, "lookback": 25}}