{"loss": 1.3950515621161776, "status": "ok", "first_loss": 1.4125034271169639, "config": {"k": 5, "lookback": 17}}