{"loss": 1.8977119886444114, "status": "ok", "first_loss": 1.9271383278304233, "config": {"k": 7, "lookback": 23}}