{"loss": 1.2280727256216015, "status": "ok", "first_loss": 1.4375859659201466, "config": {"k": 18, "lookback": 13}}