{"loss": 1.6986239672596175, "status": "ok", "first_loss": 2.5872150476592926, "config": {"k": 15, "lookback": 31}}