{"loss": 0.9328496561028916, "status": "ok", "first_loss": 0.8972734912780603, "config": {"k": 6, "lookback": 4}}