{"loss": 1.3971285329068064, "status": "ok", "first_loss": 1.4218174130356882, "config": {"k": 8, "lookback": 28}}