{"loss": 0.9742857657750368, "status": "ok", "first_loss": 1.0269947064926797, "config": {"k": 14, "lookback": 31}}