{"loss": 1.234611398205526, "status": "ok", "first_loss": 1.315598418459298, "config": {"k": 16, "lookback": 26}}