{"loss": 1.298108753739712, "status": "ok", "first_loss": 1.1327466053571644, "config": {"k": 10, "lookback": 9}}