{"params": {"target": "2-ahead", "n_comps": 22}, "fit_params": {"weights": [6.9222533634395306e-09, 0.011743160671768399, 9.490389434800669e-05, 0.15466027860663675, 0.0731443272541557, 2.7985189518405727e-05, 0.054128716429485996, 0.04028621982329469, 0.46387155590615403, 0.07037086361946844, 0.11199607267756558, 1.3397535190338902e-12, 8.759258888971498e-114, 8.759258888971498e-114, 3.6879859548621884e-10, 9.718269638715944e-279, 9.727563931075782e-14, 0.019487708238274566, 1.9960924983079897e-58, 2.0775758654673e-10, 3.5122482982729637e-05, 0.00015307770610081933]}}