{"loss": 0.41379861135236407, "status": "ok", "first_loss": 0.44731674620751766, "config": {"k": 18, "lookback": 6}}