{"loss": 1.172950326029597, "status": "ok", "first_loss": 1.1668084549435114, "config": {"k": 20, "lookback": 7}}