{"loss": 1.4935410126247555, "status": "ok", "first_loss": 1.5861671745981405, "config": {"k": 9, "lookback": 18}}