{"loss": 1.6341687611037305, "status": "ok", "first_loss": 1.8537286942929987, "config": {"k": 5, "lookback": 9}}