{"loss": 0.6267918097437463, "status": "ok", "first_loss": 0.6279963229639064, "config": {"k": 6, "lookback": 16}}