{"loss": 0.764823476674656, "status": "ok", "first_loss": 0.6874659482593707, "config": {"k": 6, "lookback": 22}}