{"params": {"target": "4-ahead", "n_comps": 22}, "fit_params": {"weights": [1.7101895831193856e-09, 0.02479290603512979, 0.024716030730699726, 0.058327138991215145, 0.0002867663276545937, 0.03730922468996276, 0.04516881958107011, 1.842305165449618e-05, 0.6173369898823834, 0.042597238282513425, 0.06571566579506812, 9.591860997775461e-17, 1.9268451241539545e-80, 1.9268451241539545e-80, 8.904616258155149e-09, 3.2017482545949467e-215, 4.767309669773234e-18, 0.08372320559087582, 9.570138431064762e-34, 5.395243430785276e-23, 7.580426968292928e-06, 2.0185957883375478e-26]}}