{"loss": 1.239226741875123, "status": "ok", "first_loss": 1.3842956609958246, "config": {"k": 3, "lookback": 19}}