{"loss": 1.2555806531766898, "status": "ok", "first_loss": 1.2673060375694836, "config": {"k": 15, "lookback": 32}}