{"loss": 1.0650268015516395, "status": "ok", "first_loss": 1.0614894292310892, "config": {"k": 2, "lookback": 29}}