{"loss": 1.6443622171144798, "status": "ok", "first_loss": 1.6795608404420448, "config": {"k": 11, "lookback": 15}}