{"loss": 1.0304030966077773, "status": "ok", "first_loss": 0.9147688880357238, "config": {"k": 1, "lookback": 16}}