{"loss": 1.5378516099711135, "status": "ok", "first_loss": 2.865684317972473, "config": {"k": 16, "lookback": 3}}