{"loss": 0.9563400887762556, "status": "ok", "first_loss": 1.0654506869448532, "config": {"k": 1, "lookback": 20}}