{"loss": 1.4320573369363931, "status": "ok", "first_loss": 1.636649675214111, "config": {"k": 5, "lookback": 19}}