{"params": {"target": "3-ahead", "n_comps": 22}, "fit_params": {"weights": [3.0615335137169876e-07, 0.005162224569791291, 1.0054437124824157e-08, 0.19607375807237923, 0.0008770161456804107, 2.857614182975198e-05, 0.04538119696454924, 0.015043726583458978, 0.5443417154629248, 0.08430728506189317, 0.09817880436645514, 0.0014165195692921685, 9.572327659841969e-134, 9.572327659841969e-134, 8.840911185718515e-13, 0.0, 3.529182354066983e-20, 0.009188704102816535, 1.0334269879308565e-64, 1.5958038895494705e-22, 1.5675025633275501e-07, 1.7802124316337135e-21]}}