{"loss": 0.8031761984463789, "status": "ok", "first_loss": 0.7598658556942136, "config": {"k": 19, "lookback": 7}}