{"loss": 1.44702809836468, "status": "ok", "first_loss": 1.5118844005377108, "config": {"k": 3, "lookback": 22}}