{"loss": 0.8427188539361896, "status": "ok", "first_loss": 0.8455305845273543, "config": {"k": 5, "lookback": 17}}