{"loss": 0.4607331003628396, "status": "ok", "first_loss": 0.36995774055060576, "config": {"k": 7, "lookback": 24}}