{"loss": 1.3605958693528468, "status": "ok", "first_loss": 1.4490861976227885, "config": {"k": 10, "lookback": 2}}